Type,Female,Male
Resettled,0.5053191489361702,0.4946808510638298
