Type,Female,Male
Resettled,0.5258126195028681,0.47418738049713194
