Type,Female,Male
Resettled,0.5080385852090032,0.4919614147909968
